{"type": "unannotated", "length": 46.919998951256275, "device": "unknown", "imu_reference_time": 0.0, "imu_init_gyro_bias": [0.028167090402143408, -0.0020409999999999595, -0.026007999999999996], "imu_end_gyro_bias": [0.028167, -0.002041, -0.026009]}